<?xml version="1.0" encoding="utf-8"?>
<!DOCTYPE hibernate-configuration PUBLIC
        "-//Hibernate/Hibernate Configuration DTD 3.0//EN"
        "http://hibernate.sourceforge.net/hibernate-configuration-3.0.dtd">
<hibernate-configuration>
    <session-factory>
        <property name="hibernate.connection.driver_class">com.mysql.jdbc.Driver</property>
        <property name="hibernate.connection.url">jdbc:mysql://localhost:3306/bankponsel</property>
        <property name="hibernate.connection.username">root</property>
        <property name="hibernate.connection.password"></property>
        <property name="hibernate.dialect">org.hibernate.dialect.MySQL5Dialect</property>
        <property name="hibernate.hbm2ddl.auto">update</property>
        <property name="show_sql">true</property>
        <property name="format_sql">true</property>

		<mapping class="id.co.skyforce.bankponsel.model.Supplier"/>        
		<mapping class="id.co.skyforce.bankponsel.model.Product"/>        
		<mapping class="id.co.skyforce.bankponsel.model.UserProfile"/>        
		<mapping class="id.co.skyforce.bankponsel.model.VirtualAccount"/>        
		<mapping class="id.co.skyforce.bankponsel.model.TransactionLog"/>       
    </session-factory>
</hibernate-configuration>